{"cameraMode":{"drawMode":0,"name":"Shaded","section":"Shading Mode"},"sceneLighting":true,"audioPlay":false,"sceneViewState":{"showFog":true,"showMaterialUpdate":false,"showSkybox":true,"showFlares":true,"showImageEffects":true,"showParticleSystems":true},"in2DMode":false,"pivot":{"x":5.530231952667236,"y":0.03890777379274368,"z":0.7866852283477783},"rotation":{"x":-0.004809550940990448,"y":0.006597080733627081,"z":-0.00003162151188007556,"w":-0.9999728798866272},"size":6.933041572570801,"orthographic":false}